Andhra Pradesh,0,0,0,0,0,0,
Arunachal Pradesh,0,0,0,0,0,0,
Assam,0,0,0,0,0,0,
Bihar,0,0,0,0,0,0,
Chattisgarh,1.06,1.13,1.21,1.28,1.35,1.43,
Goa,0,0,0,0,0,0,
Gujarat,0,0,0,0,0,0,
Haryana,0,0,0,0,0,0,
Himachal Pradesh,0,0,0,0,0,0,
JammuKashmir,0,0,0,0,0,0,
Jharkhand,0,0,0,0,0,0,
Karnataka,0,0,0,0,0,0,
Kerala,0,0,0,0,0,0,
Madhya Pradesh,0,0,0,0,0,0,
Maharashtra,0,0,0,0,0,0,
Manipur,0,0,0,0,0,0,
Meghalaya,0,0,0,0,0,0,
Mizoram,0,0,0,0,0,0,
Nagaland,0,0,0,0,0,0,
Odisha,0,0,0,0,0,0,
Punjab,0,0,0,0,0,0,
Rajasthan,0.27,0.08,-0.1,-0.29,-0.48,-0.67,
Sikkim,0,0,0,0,0,0,
Tamil Nadu,0,0,0,0,0,0,
Tripura,0,0,0,0,0,0,
Uttar Pradesh,0,0,0,0,0,0,
Uttarakhand,0,0,0,0,0,0,
West Bengal,0,0,0,0,0,0,
Delhi,1.33,1.22,1.1,0.99,0.87,0.76,
